{"cameraMode":{"drawMode":0,"name":"Shaded","section":"Shading Mode"},"sceneLighting":true,"audioPlay":false,"sceneViewState":{"showFog":true,"showMaterialUpdate":false,"showSkybox":false,"showFlares":true,"showImageEffects":true,"showParticleSystems":true},"in2DMode":false,"pivot":{"x":-2.6088857650756838,"y":1.218170166015625,"z":9.437557220458985},"rotation":{"x":-0.13285848498344422,"y":0.5721301436424255,"z":-0.09456781297922135,"w":-0.8037866353988648},"size":10.0,"orthographic":false}